question_number,prompt,survey_point,different_form,lenited,eclipsed,informant_label,transcription,source_notes,notes,orthography
819,"frog (sg., pl.)",1,0,0,0,,"l′+ö+p+ə+r+ə+x+ɑː+n",,,"lioprachán"
819,"frog (sg., pl.)",2,0,0,0,,"k+n+ɑ+ũ+ˈ+d+ɑː+n",,,"cnádán"
819,"frog (sg., pl.)",4,0,0,0,,"f+r+o+g+ə+n+ə",,,"froganna"
819,"frog (sg., pl.)",7,1,0,0,,"n+ɑ̢+g+ə+d+ɑː+n","NL: gen. pl.?",,"na gcnádán"
819,"frog (sg., pl.)",8,0,0,0,b,"f+r+ɔ̢+g+ə+n+ə","pl.",,"froganna"
819,"frog (sg., pl.)",10,0,0,0,,"f+r+ɔ+g","(A. Ir.)",,"frog"
819,"frog (sg., pl.)",11,0,0,0,,"f+r+o+g+ə+n+ə","pl.",,"froganna"
819,"frog (sg., pl.)",12,0,0,0,b,"f+r+o+g",,,"frog"
819,"frog (sg., pl.)",12,0,0,0,b,"f+r+o+g+ə+n+ə","pl.",,"froganna"
819,"frog (sg., pl.)",13,0,0,0,a,"f+r+o+g",,,"frog"
819,"frog (sg., pl.)",13,0,0,0,a,"f+r+ɪ+g′","pl.",,"froig"
819,"frog (sg., pl.)",14,0,0,0,,"f+r+o+g",,,"frog"
819,"frog (sg., pl.)",14,0,0,0,,"f+r+o+g+ə+n+ə","pl.",,"froganna"
819,"frog (sg., pl.)",15,0,0,0,,"f+r+i+g′","pl.",,"froig"
819,"frog (sg., pl.)",17,0,0,0,,"n+ə f+r+o+g+ə+n+ə","pl.",,"na froganna"
819,"frog (sg., pl.)",18,0,0,0,,"f+r+o̢+s+g",,,"frosg"
819,"frog (sg., pl.)",18,0,0,0,,"f+r+ɪ+ʃ+g′","pl.",,"froisg"
819,"frog (sg., pl.)",20,0,0,0,,"f+r+ɪ+g′","pl.",,"froig"
819,"frog (sg., pl.)",21,0,0,0,,"f+r+i+g′","pl.",,"froig"
819,"frog (sg., pl.)",22,0,0,0,,"f+r+o+g",,,"frog"
819,"frog (sg., pl.)",22,0,0,0,,"f+r+i+g′","pl.",,"froig"
819,"frog (sg., pl.)",23,0,0,0,,"f+r+o+g",,,"frog"
819,"frog (sg., pl.)",23,0,0,0,,"f+r+i+g′","pl.",,"froig"
819,"frog (sg., pl.)",24,0,0,0,,"f+r+ɪ+g′","pl.",,"froig"
819,"frog (sg., pl.)",25,0,0,0,,"l+ɑ+p+ə+d+ɑː+n ˈ+l+ɑ+h+iː",,,"lapadán lathaí"
819,"frog (sg., pl.)",28,0,0,0,,"f+r+ɔ̢+g+ə+n","pl.",,"frogan"
819,"frog (sg., pl.)",31,0,0,0,,"f+r+ɔ̢+g",,,"frog"
819,"frog (sg., pl.)",33,0,0,0,,"l+ï+p′+r+ə+x+ɑː+n",,,"loipreachán"
819,"frog (sg., pl.)",34,0,0,0,,"f+r+ɑ+g",,,"frog"
819,"frog (sg., pl.)",35,0,0,0,,"t+o+r+t+ɑː+n","NL: Only the primary informant was named. This return was from another speaker either from Corrofin or Ballynastuckaun.",,"tortán"
819,"frog (sg., pl.)",36,0,0,0,2,"b′+r+a+l+ə+x n+ə l+ɑ+h+iː",,,"breallach na lathaí"
819,"frog (sg., pl.)",36,0,0,0,1,"f+r+ɑ+g+ə+n+iː","pl.",,"frogannaí"
819,"frog (sg., pl.)",37,0,0,0,,"l+ɑ+p+ə+d+ɑː+n",,,"lapadán"
819,"frog (sg., pl.)",37,0,0,0,,"f+r+ɑ̣+g",,,"frog"
819,"frog (sg., pl.)",37,0,0,0,,"b+r+ɑ+ʟ+ə+x ˈ+l+ɑ+h+i",,,"breallach lathaí"
819,"frog (sg., pl.)",37,0,0,0,,"f+r+u+s",,,"frús"
819,"frog (sg., pl.)",38,0,0,0,,"n+ə f+r+ɑ+g+ə+n+i","pl.",,"na frogannaí"
819,"frog (sg., pl.)",40,0,0,0,,"ˈ+l+ɑ+b+ə+r ˈ+l+ɑ+h+iː",,,"lúbar lathaí"
819,"frog (sg., pl.)",40,0,0,0,,"f+r+ɑ̣+g",,,"frog"
819,"frog (sg., pl.)",41,0,0,0,,"f+r+ɑ+g",,,"frog"
819,"frog (sg., pl.)",41,0,0,0,,"f+r+ɑ+g+ə+n+i","pl.",,"frogannaí"
819,"frog (sg., pl.)",43a,0,0,0,,"f+r+ɑ̣+g",,,"frog"
819,"frog (sg., pl.)",43a,0,0,0,,"f+r+ɑ̣+g+ə+ɴ+iː","pl.",,"frogannaí"
819,"frog (sg., pl.)",46,0,0,0,,"ʟ+u̢+.+b+ə+r ˈ+ʟ+ɑ+h+iː",,,"lúbar lathaí"
819,"frog (sg., pl.)",46,0,0,0,,"f+r+ɔ+g",,,"frog"
819,"frog (sg., pl.)",49,0,0,0,,"f+r+ɑ+g+ə+n+i","pl.",,"frogannaí"
819,"frog (sg., pl.)",51,0,0,0,,"f+r+ɔ̢+g+ə+n+i","pl.",,"frogannaí"
819,"frog (sg., pl.)",52,0,0,0,,"l+ɑ+p+ə+d+o+.+r̠","NL: Frogspawn given as 'síol froganaí'",,"lapadóir"
819,"frog (sg., pl.)",53,0,0,0,,"k+r+uː+b+ɑː+n k+l+ə+i+ʔ",,,"crúbán claidhe"
819,"frog (sg., pl.)",54,0,0,0,,"l+u+ə+s+ḳ+ɑː+n l+ɑ+h+ɪː",,,"luascán lathaí"
819,"frog (sg., pl.)",54,0,0,0,,"l+u+ə+s+ḳ+ɑː+n ʟ+ɑ+h+ɪː",,,"luascán lathaí"
819,"frog (sg., pl.)",57,0,0,0,,"f+r+ɑ+g",,,"frog"
819,"frog (sg., pl.)",57,0,0,0,,"f+r+ɑ+g+ə+n+i","pl.",,"frogannaí"
819,"frog (sg., pl.)",58,0,0,0,,"f+r+ɑ+g+ə+ɴ+i","pl.",,"frogannaí"
819,"frog (sg., pl.)",59,0,0,0,,"ʟ+ɪː+s+ḳ+ɑː+n′",,,"losgáin"
819,"frog (sg., pl.)",61,0,0,0,a,"f+r+ɔ+g+ə+ɴ+ɪ","pl.",,"frogannaí"
819,"frog (sg., pl.)",66,0,0,0,6,"f+r+ɪ+ɢ′","pl.",,"froig"
819,"frog (sg., pl.)",69,0,0,0,,"f+r+ɔ+g",,,"frog"
819,"frog (sg., pl.)",74,0,0,0,,"f+r+ɔ+g+ə+ɴ+i","pl.",,"frog"
819,"frog (sg., pl.)",74a,0,0,0,,"f+r+u̢+g",,,"frog"
819,"frog (sg., pl.)",74a,0,0,0,,"f+r+u̢+g+ə+ɴ+i","pl.",,"frogannaí"
819,"frog (sg., pl.)",78,0,0,0,,"ɴ+ə f+r+o+g+ə+ɴ+i","pl.",,"na frogannaí"
819,"frog (sg., pl.)",83,0,0,0,A,"f+r+ɔ+g+ə+ɴ+ɪ","pl.",,"frogannaí"
819,"frog (sg., pl.)",86a,0,0,0,,"k+r+oː+n+ə+n",,,"crónán"
819,"frog (sg., pl.)",a,0,0,0,,"ʟ+o̢+s+g′+ə+n",,,"losgann"
819,"frog (sg., pl.)",c,0,0,0,1,"ʟ+u+s+ḳ+ə+n",,,"losgann"
819,"frog (sg., pl.)",e,0,0,0,,"ʟ′+eː+m+ʰ+ʀ+ə+x+ɑ̣+n+ʰ",,,"leumnachan"
819,"frog (sg., pl.)",f,0,0,0,d,"m+u+ʟ+ə m+oː+h+ɑ+ḳ","sg.",,"mulla-móthag"
819,"frog (sg., pl.)",f,0,0,0,d,"m+o̤+ʟ+ə v+õ̢ː+h+ɑ+ḳ+ə+n","pl.",,"mulla-mhóthagan"
819,"frog (sg., pl.)",g,0,0,0,a,"ʟ′+eː+m+b+r+ɔ+x+ɑ̣+n+h",,,"leumnachan"
